{
	"length": {	
		"metric": {
			"km": 0.001,
			"m": 1,
			"dm": 10,
			"cm": 100,
			"mm": 1000,
			"mcm": 1000000,
			"nm": 1000000000,
			"am": 10000000000,
			},

		"england": {
			"foot": 3.2808399,
			"span": 4.3744532,
			"link": 4.9709695,
			"hand": 9.8425197,
			"palm": 13.12336,
			},
		},
}